{
"ok_strings": [
{ "id":"misc_1" , "value":"API Return Value" },

{ "id":"tab_01" , "value":"Informations" },
{ "id":"tab_02" , "value":"State" },
{ "id":"tab_03" , "value":"Leds" },
{ "id":"tab_04" , "value":"Ears" },
{ "id":"tab_04" , "value":"RFID" },
{ "id":"tab_06" , "value":"TTS" },
{ "id":"tab_07" , "value":"Picture" },
{ "id":"tab_08" , "value":"Sounds" },
{ "id":"tab_09" , "value":"Apps" },
{ "id":"tab_10" , "value":"Update" },
{ "id":"tab_11" , "value":"About" },
{ "id":"tab_12" , "value":"Setup" },

{ "id":"tab_100" , "value":"Maintenance" },
{ "id":"tab_101" , "value":"RFID" },
{ "id":"tab_102" , "value":"FileSystem" },
{ "id":"tab_103" , "value":"Active Process" },
{ "id":"tab_104" , "value":"Logs" },

{ "id":"acc_100" , "value":"Internal Storage" },
{ "id":"acc_101" , "value":"USB Storage" },
{ "id":"acc_102" , "value":"Status" },
{ "id":"acc_103" , "value":"Lists" },


]
}
